[08/17 01:51:15.921872][info][40173][VideoSensor.cpp:386]  - {type: OB_STREAM_COLOR, format: OB_FORMAT_MJPG, width: 1280, height: 720, fps: 30}
[08/17 01:51:15.921910][info][40173][VideoSensor.cpp:386]  - {type: OB_STREAM_COLOR, format: OB_FORMAT_YUYV, width: 424, height: 240, fps: 60}
[08/17 01:51:15.921943][info][40173][VideoSensor.cpp:386]  - {type: OB_STREAM_COLOR, format: OB_FORMAT_YUYV, width: 424, height: 240, fps: 30}
[08/17 01:51:15.921990][info][40173][VideoSensor.cpp:386]  - {type: OB_STREAM_COLOR, format: OB_FORMAT_YUYV, width: 424, height: 240, fps: 15}
[08/17 01:51:15.922032][info][40173][VideoSensor.cpp:386]  - {type: OB_STREAM_COLOR, format: OB_FORMAT_YUYV, width: 424, height: 240, fps: 10}
[08/17 01:51:15.922075][info][40173][VideoSensor.cpp:386]  - {type: OB_STREAM_COLOR, format: OB_FORMAT_YUYV, width: 424, height: 240, fps: 5}
[08/17 01:51:15.922116][info][40173][VideoSensor.cpp:386]  - {type: OB_STREAM_COLOR, format: OB_FORMAT_YUYV, width: 480, height: 270, fps: 60}
[08/17 01:51:15.922159][info][40173][VideoSensor.cpp:386]  - {type: OB_STREAM_COLOR, format: OB_FORMAT_YUYV, width: 480, height: 270, fps: 30}
[08/17 01:51:15.922201][info][40173][VideoSensor.cpp:386]  - {type: OB_STREAM_COLOR, format: OB_FORMAT_YUYV, width: 480, height: 270, fps: 15}
[08/17 01:51:15.922244][info][40173][VideoSensor.cpp:386]  - {type: OB_STREAM_COLOR, format: OB_FORMAT_YUYV, width: 480, height: 270, fps: 10}
[08/17 01:51:15.922286][info][40173][VideoSensor.cpp:386]  - {type: OB_STREAM_COLOR, format: OB_FORMAT_YUYV, width: 480, height: 270, fps: 5}
[08/17 01:51:15.922328][info][40173][VideoSensor.cpp:386]  - {type: OB_STREAM_COLOR, format: OB_FORMAT_YUYV, width: 640, height: 360, fps: 60}
[08/17 01:51:15.922371][info][40173][VideoSensor.cpp:386]  - {type: OB_STREAM_COLOR, format: OB_FORMAT_YUYV, width: 640, height: 360, fps: 30}
[08/17 01:51:15.922412][info][40173][VideoSensor.cpp:386]  - {type: OB_STREAM_COLOR, format: OB_FORMAT_YUYV, width: 640, height: 360, fps: 15}
[08/17 01:51:15.922454][info][40173][VideoSensor.cpp:386]  - {type: OB_STREAM_COLOR, format: OB_FORMAT_YUYV, width: 640, height: 360, fps: 10}
[08/17 01:51:15.922496][info][40173][VideoSensor.cpp:386]  - {type: OB_STREAM_COLOR, format: OB_FORMAT_YUYV, width: 640, height: 360, fps: 5}
[08/17 01:51:15.922538][info][40173][VideoSensor.cpp:386]  - {type: OB_STREAM_COLOR, format: OB_FORMAT_YUYV, width: 640, height: 400, fps: 60}
[08/17 01:51:15.922579][info][40173][VideoSensor.cpp:386]  - {type: OB_STREAM_COLOR, format: OB_FORMAT_YUYV, width: 640, height: 400, fps: 30}
[08/17 01:51:15.922621][info][40173][VideoSensor.cpp:386]  - {type: OB_STREAM_COLOR, format: OB_FORMAT_YUYV, width: 640, height: 400, fps: 15}
[08/17 01:51:15.922663][info][40173][VideoSensor.cpp:386]  - {type: OB_STREAM_COLOR, format: OB_FORMAT_YUYV, width: 640, height: 400, fps: 10}
[08/17 01:51:15.922705][info][40173][VideoSensor.cpp:386]  - {type: OB_STREAM_COLOR, format: OB_FORMAT_YUYV, width: 640, height: 400, fps: 5}
[08/17 01:51:15.922748][info][40173][VideoSensor.cpp:386]  - {type: OB_STREAM_COLOR, format: OB_FORMAT_YUYV, width: 640, height: 480, fps: 60}
[08/17 01:51:15.922790][info][40173][VideoSensor.cpp:386]  - {type: OB_STREAM_COLOR, format: OB_FORMAT_YUYV, width: 640, height: 480, fps: 30}
[08/17 01:51:15.922832][info][40173][VideoSensor.cpp:386]  - {type: OB_STREAM_COLOR, format: OB_FORMAT_YUYV, width: 640, height: 480, fps: 15}
[08/17 01:51:15.922875][info][40173][VideoSensor.cpp:386]  - {type: OB_STREAM_COLOR, format: OB_FORMAT_YUYV, width: 640, height: 480, fps: 10}
[08/17 01:51:15.922917][info][40173][VideoSensor.cpp:386]  - {type: OB_STREAM_COLOR, format: OB_FORMAT_YUYV, width: 640, height: 480, fps: 5}
[08/17 01:51:15.922959][info][40173][VideoSensor.cpp:386]  - {type: OB_STREAM_COLOR, format: OB_FORMAT_YUYV, width: 848, height: 480, fps: 60}
[08/17 01:51:15.923000][info][40173][VideoSensor.cpp:386]  - {type: OB_STREAM_COLOR, format: OB_FORMAT_YUYV, width: 848, height: 480, fps: 30}
[08/17 01:51:15.923090][info][40173][VideoSensor.cpp:386]  - {type: OB_STREAM_COLOR, format: OB_FORMAT_YUYV, width: 848, height: 480, fps: 15}
[08/17 01:51:15.923153][info][40173][VideoSensor.cpp:386]  - {type: OB_STREAM_COLOR, format: OB_FORMAT_YUYV, width: 848, height: 480, fps: 10}
[08/17 01:51:15.923188][info][40173][VideoSensor.cpp:386]  - {type: OB_STREAM_COLOR, format: OB_FORMAT_YUYV, width: 848, height: 480, fps: 5}
[08/17 01:51:15.923223][info][40173][VideoSensor.cpp:386]  - {type: OB_STREAM_COLOR, format: OB_FORMAT_YUYV, width: 1280, height: 720, fps: 60}
[08/17 01:51:15.923265][info][40173][VideoSensor.cpp:386]  - {type: OB_STREAM_COLOR, format: OB_FORMAT_YUYV, width: 1280, height: 720, fps: 30}
[08/17 01:51:15.923302][info][40173][VideoSensor.cpp:386]  - {type: OB_STREAM_COLOR, format: OB_FORMAT_YUYV, width: 1280, height: 720, fps: 15}
[08/17 01:51:15.923347][info][40173][VideoSensor.cpp:386]  - {type: OB_STREAM_COLOR, format: OB_FORMAT_YUYV, width: 1280, height: 720, fps: 10}
[08/17 01:51:15.923389][info][40173][VideoSensor.cpp:386]  - {type: OB_STREAM_COLOR, format: OB_FORMAT_YUYV, width: 1280, height: 720, fps: 5}
[08/17 01:51:15.923432][info][40173][VideoSensor.cpp:386]  - {type: OB_STREAM_COLOR, format: OB_FORMAT_YUYV, width: 1280, height: 800, fps: 60}
[08/17 01:51:15.923474][info][40173][VideoSensor.cpp:386]  - {type: OB_STREAM_COLOR, format: OB_FORMAT_YUYV, width: 1280, height: 800, fps: 30}
[08/17 01:51:15.923516][info][40173][VideoSensor.cpp:386]  - {type: OB_STREAM_COLOR, format: OB_FORMAT_YUYV, width: 1280, height: 800, fps: 15}
[08/17 01:51:15.923559][info][40173][VideoSensor.cpp:386]  - {type: OB_STREAM_COLOR, format: OB_FORMAT_YUYV, width: 1280, height: 800, fps: 10}
[08/17 01:51:15.923601][info][40173][VideoSensor.cpp:386]  - {type: OB_STREAM_COLOR, format: OB_FORMAT_YUYV, width: 1280, height: 800, fps: 5}
[08/17 01:51:15.923644][info][40173][VideoSensor.cpp:386]  - {type: OB_STREAM_COLOR, format: OB_FORMAT_MJPG, width: 424, height: 240, fps: 60}
[08/17 01:51:15.923686][info][40173][VideoSensor.cpp:386]  - {type: OB_STREAM_COLOR, format: OB_FORMAT_MJPG, width: 424, height: 240, fps: 30}
[08/17 01:51:15.923728][info][40173][VideoSensor.cpp:386]  - {type: OB_STREAM_COLOR, format: OB_FORMAT_MJPG, width: 424, height: 240, fps: 15}
[08/17 01:51:15.923769][info][40173][VideoSensor.cpp:386]  - {type: OB_STREAM_COLOR, format: OB_FORMAT_MJPG, width: 424, height: 240, fps: 10}
[08/17 01:51:15.923812][info][40173][VideoSensor.cpp:386]  - {type: OB_STREAM_COLOR, format: OB_FORMAT_MJPG, width: 424, height: 240, fps: 5}
[08/17 01:51:15.923854][info][40173][VideoSensor.cpp:386]  - {type: OB_STREAM_COLOR, format: OB_FORMAT_MJPG, width: 480, height: 270, fps: 60}
[08/17 01:51:15.923897][info][40173][VideoSensor.cpp:386]  - {type: OB_STREAM_COLOR, format: OB_FORMAT_MJPG, width: 480, height: 270, fps: 30}
[08/17 01:51:15.923938][info][40173][VideoSensor.cpp:386]  - {type: OB_STREAM_COLOR, format: OB_FORMAT_MJPG, width: 480, height: 270, fps: 15}
[08/17 01:51:15.923980][info][40173][VideoSensor.cpp:386]  - {type: OB_STREAM_COLOR, format: OB_FORMAT_MJPG, width: 480, height: 270, fps: 10}
[08/17 01:51:15.924022][info][40173][VideoSensor.cpp:386]  - {type: OB_STREAM_COLOR, format: OB_FORMAT_MJPG, width: 480, height: 270, fps: 5}
[08/17 01:51:15.924064][info][40173][VideoSensor.cpp:386]  - {type: OB_STREAM_COLOR, format: OB_FORMAT_MJPG, width: 640, height: 360, fps: 60}
[08/17 01:51:15.924106][info][40173][VideoSensor.cpp:386]  - {type: OB_STREAM_COLOR, format: OB_FORMAT_MJPG, width: 640, height: 360, fps: 30}
[08/17 01:51:15.924148][info][40173][VideoSensor.cpp:386]  - {type: OB_STREAM_COLOR, format: OB_FORMAT_MJPG, width: 640, height: 360, fps: 15}
[08/17 01:51:15.924189][info][40173][VideoSensor.cpp:386]  - {type: OB_STREAM_COLOR, format: OB_FORMAT_MJPG, width: 640, height: 360, fps: 10}
[08/17 01:51:15.924232][info][40173][VideoSensor.cpp:386]  - {type: OB_STREAM_COLOR, format: OB_FORMAT_MJPG, width: 640, height: 360, fps: 5}
[08/17 01:51:15.924302][info][40173][VideoSensor.cpp:386]  - {type: OB_STREAM_COLOR, format: OB_FORMAT_MJPG, width: 640, height: 400, fps: 60}
[08/17 01:51:15.924346][info][40173][VideoSensor.cpp:386]  - {type: OB_STREAM_COLOR, format: OB_FORMAT_MJPG, width: 640, height: 400, fps: 30}
[08/17 01:51:15.924388][info][40173][VideoSensor.cpp:386]  - {type: OB_STREAM_COLOR, format: OB_FORMAT_MJPG, width: 640, height: 400, fps: 15}
[08/17 01:51:15.924431][info][40173][VideoSensor.cpp:386]  - {type: OB_STREAM_COLOR, format: OB_FORMAT_MJPG, width: 640, height: 400, fps: 10}
[08/17 01:51:15.924474][info][40173][VideoSensor.cpp:386]  - {type: OB_STREAM_COLOR, format: OB_FORMAT_MJPG, width: 640, height: 400, fps: 5}
[08/17 01:51:15.924516][info][40173][VideoSensor.cpp:386]  - {type: OB_STREAM_COLOR, format: OB_FORMAT_MJPG, width: 640, height: 480, fps: 60}
[08/17 01:51:15.924557][info][40173][VideoSensor.cpp:386]  - {type: OB_STREAM_COLOR, format: OB_FORMAT_MJPG, width: 640, height: 480, fps: 30}
[08/17 01:51:15.924599][info][40173][VideoSensor.cpp:386]  - {type: OB_STREAM_COLOR, format: OB_FORMAT_MJPG, width: 640, height: 480, fps: 15}
[08/17 01:51:15.924641][info][40173][VideoSensor.cpp:386]  - {type: OB_STREAM_COLOR, format: OB_FORMAT_MJPG, width: 640, height: 480, fps: 10}
[08/17 01:51:15.924683][info][40173][VideoSensor.cpp:386]  - {type: OB_STREAM_COLOR, format: OB_FORMAT_MJPG, width: 640, height: 480, fps: 5}
[08/17 01:51:15.924726][info][40173][VideoSensor.cpp:386]  - {type: OB_STREAM_COLOR, format: OB_FORMAT_MJPG, width: 848, height: 480, fps: 60}
[08/17 01:51:15.924768][info][40173][VideoSensor.cpp:386]  - {type: OB_STREAM_COLOR, format: OB_FORMAT_MJPG, width: 848, height: 480, fps: 30}
[08/17 01:51:15.924811][info][40173][VideoSensor.cpp:386]  - {type: OB_STREAM_COLOR, format: OB_FORMAT_MJPG, width: 848, height: 480, fps: 15}
[08/17 01:51:15.924852][info][40173][VideoSensor.cpp:386]  - {type: OB_STREAM_COLOR, format: OB_FORMAT_MJPG, width: 848, height: 480, fps: 10}
[08/17 01:51:15.924894][info][40173][VideoSensor.cpp:386]  - {type: OB_STREAM_COLOR, format: OB_FORMAT_MJPG, width: 848, height: 480, fps: 5}
[08/17 01:51:15.924937][info][40173][VideoSensor.cpp:386]  - {type: OB_STREAM_COLOR, format: OB_FORMAT_MJPG, width: 1280, height: 720, fps: 60}
[08/17 01:51:15.924978][info][40173][VideoSensor.cpp:386]  - {type: OB_STREAM_COLOR, format: OB_FORMAT_MJPG, width: 1280, height: 720, fps: 15}
[08/17 01:51:15.925020][info][40173][VideoSensor.cpp:386]  - {type: OB_STREAM_COLOR, format: OB_FORMAT_MJPG, width: 1280, height: 720, fps: 10}
[08/17 01:51:15.925063][info][40173][VideoSensor.cpp:386]  - {type: OB_STREAM_COLOR, format: OB_FORMAT_MJPG, width: 1280, height: 720, fps: 5}
[08/17 01:51:15.925105][info][40173][VideoSensor.cpp:386]  - {type: OB_STREAM_COLOR, format: OB_FORMAT_MJPG, width: 1280, height: 800, fps: 60}
[08/17 01:51:15.925147][info][40173][VideoSensor.cpp:386]  - {type: OB_STREAM_COLOR, format: OB_FORMAT_MJPG, width: 1280, height: 800, fps: 30}
[08/17 01:51:15.925189][info][40173][VideoSensor.cpp:386]  - {type: OB_STREAM_COLOR, format: OB_FORMAT_MJPG, width: 1280, height: 800, fps: 15}
[08/17 01:51:15.925231][info][40173][VideoSensor.cpp:386]  - {type: OB_STREAM_COLOR, format: OB_FORMAT_MJPG, width: 1280, height: 800, fps: 10}
[08/17 01:51:15.925272][info][40173][VideoSensor.cpp:386]  - {type: OB_STREAM_COLOR, format: OB_FORMAT_MJPG, width: 1280, height: 800, fps: 5}
[08/17 01:51:15.925317][info][40173][VideoSensor.cpp:386]  - {type: OB_STREAM_COLOR, format: OB_FORMAT_RGB888, width: 424, height: 240, fps: 60}
[08/17 01:51:15.925359][info][40173][VideoSensor.cpp:386]  - {type: OB_STREAM_COLOR, format: OB_FORMAT_RGB888, width: 424, height: 240, fps: 30}
[08/17 01:51:15.925400][info][40173][VideoSensor.cpp:386]  - {type: OB_STREAM_COLOR, format: OB_FORMAT_RGB888, width: 424, height: 240, fps: 15}
[08/17 01:51:15.925443][info][40173][VideoSensor.cpp:386]  - {type: OB_STREAM_COLOR, format: OB_FORMAT_RGB888, width: 424, height: 240, fps: 10}
[08/17 01:51:15.925485][info][40173][VideoSensor.cpp:386]  - {type: OB_STREAM_COLOR, format: OB_FORMAT_RGB888, width: 424, height: 240, fps: 5}
[08/17 01:51:15.925549][info][40173][VideoSensor.cpp:386]  - {type: OB_STREAM_COLOR, format: OB_FORMAT_RGB888, width: 480, height: 270, fps: 60}
[08/17 01:51:15.925592][info][40173][VideoSensor.cpp:386]  - {type: OB_STREAM_COLOR, format: OB_FORMAT_RGB888, width: 480, height: 270, fps: 30}
[08/17 01:51:15.925634][info][40173][VideoSensor.cpp:386]  - {type: OB_STREAM_COLOR, format: OB_FORMAT_RGB888, width: 480, height: 270, fps: 15}
[08/17 01:51:15.925676][info][40173][VideoSensor.cpp:386]  - {type: OB_STREAM_COLOR, format: OB_FORMAT_RGB888, width: 480, height: 270, fps: 10}
[08/17 01:51:15.925719][info][40173][VideoSensor.cpp:386]  - {type: OB_STREAM_COLOR, format: OB_FORMAT_RGB888, width: 480, height: 270, fps: 5}
[08/17 01:51:15.925760][info][40173][VideoSensor.cpp:386]  - {type: OB_STREAM_COLOR, format: OB_FORMAT_RGB888, width: 640, height: 360, fps: 60}
[08/17 01:51:15.925802][info][40173][VideoSensor.cpp:386]  - {type: OB_STREAM_COLOR, format: OB_FORMAT_RGB888, width: 640, height: 360, fps: 30}
[08/17 01:51:15.925845][info][40173][VideoSensor.cpp:386]  - {type: OB_STREAM_COLOR, format: OB_FORMAT_RGB888, width: 640, height: 360, fps: 15}
[08/17 01:51:15.925886][info][40173][VideoSensor.cpp:386]  - {type: OB_STREAM_COLOR, format: OB_FORMAT_RGB888, width: 640, height: 360, fps: 10}
[08/17 01:51:15.925928][info][40173][VideoSensor.cpp:386]  - {type: OB_STREAM_COLOR, format: OB_FORMAT_RGB888, width: 640, height: 360, fps: 5}
[08/17 01:51:15.925970][info][40173][VideoSensor.cpp:386]  - {type: OB_STREAM_COLOR, format: OB_FORMAT_RGB888, width: 640, height: 400, fps: 60}
[08/17 01:51:15.926012][info][40173][VideoSensor.cpp:386]  - {type: OB_STREAM_COLOR, format: OB_FORMAT_RGB888, width: 640, height: 400, fps: 30}
[08/17 01:51:15.926054][info][40173][VideoSensor.cpp:386]  - {type: OB_STREAM_COLOR, format: OB_FORMAT_RGB888, width: 640, height: 400, fps: 15}
[08/17 01:51:15.926096][info][40173][VideoSensor.cpp:386]  - {type: OB_STREAM_COLOR, format: OB_FORMAT_RGB888, width: 640, height: 400, fps: 10}
[08/17 01:51:15.926138][info][40173][VideoSensor.cpp:386]  - {type: OB_STREAM_COLOR, format: OB_FORMAT_RGB888, width: 640, height: 400, fps: 5}
[08/17 01:51:15.926180][info][40173][VideoSensor.cpp:386]  - {type: OB_STREAM_COLOR, format: OB_FORMAT_RGB888, width: 640, height: 480, fps: 60}
[08/17 01:51:15.926222][info][40173][VideoSensor.cpp:386]  - {type: OB_STREAM_COLOR, format: OB_FORMAT_RGB888, width: 640, height: 480, fps: 30}
[08/17 01:51:15.926263][info][40173][VideoSensor.cpp:386]  - {type: OB_STREAM_COLOR, format: OB_FORMAT_RGB888, width: 640, height: 480, fps: 15}
[08/17 01:51:15.926304][info][40173][VideoSensor.cpp:386]  - {type: OB_STREAM_COLOR, format: OB_FORMAT_RGB888, width: 640, height: 480, fps: 10}
[08/17 01:51:15.926347][info][40173][VideoSensor.cpp:386]  - {type: OB_STREAM_COLOR, format: OB_FORMAT_RGB888, width: 640, height: 480, fps: 5}
[08/17 01:51:15.926390][info][40173][VideoSensor.cpp:386]  - {type: OB_STREAM_COLOR, format: OB_FORMAT_RGB888, width: 848, height: 480, fps: 60}
[08/17 01:51:15.926432][info][40173][VideoSensor.cpp:386]  - {type: OB_STREAM_COLOR, format: OB_FORMAT_RGB888, width: 848, height: 480, fps: 30}
[08/17 01:51:15.926495][info][40173][VideoSensor.cpp:386]  - {type: OB_STREAM_COLOR, format: OB_FORMAT_RGB888, width: 848, height: 480, fps: 15}
[08/17 01:51:15.926538][info][40173][VideoSensor.cpp:386]  - {type: OB_STREAM_COLOR, format: OB_FORMAT_RGB888, width: 848, height: 480, fps: 10}
[08/17 01:51:15.926579][info][40173][VideoSensor.cpp:386]  - {type: OB_STREAM_COLOR, format: OB_FORMAT_RGB888, width: 848, height: 480, fps: 5}
[08/17 01:51:15.926623][info][40173][VideoSensor.cpp:386]  - {type: OB_STREAM_COLOR, format: OB_FORMAT_RGB888, width: 1280, height: 720, fps: 60}
[08/17 01:51:15.926667][info][40173][VideoSensor.cpp:386]  - {type: OB_STREAM_COLOR, format: OB_FORMAT_RGB888, width: 1280, height: 720, fps: 30}
[08/17 01:51:15.926710][info][40173][VideoSensor.cpp:386]  - {type: OB_STREAM_COLOR, format: OB_FORMAT_RGB888, width: 1280, height: 720, fps: 15}
[08/17 01:51:15.926775][info][40173][VideoSensor.cpp:386]  - {type: OB_STREAM_COLOR, format: OB_FORMAT_RGB888, width: 1280, height: 720, fps: 10}
[08/17 01:51:15.926818][info][40173][VideoSensor.cpp:386]  - {type: OB_STREAM_COLOR, format: OB_FORMAT_RGB888, width: 1280, height: 720, fps: 5}
[08/17 01:51:15.926861][info][40173][VideoSensor.cpp:386]  - {type: OB_STREAM_COLOR, format: OB_FORMAT_RGB888, width: 1280, height: 800, fps: 60}
[08/17 01:51:15.926903][info][40173][VideoSensor.cpp:386]  - {type: OB_STREAM_COLOR, format: OB_FORMAT_RGB888, width: 1280, height: 800, fps: 30}
[08/17 01:51:15.926945][info][40173][VideoSensor.cpp:386]  - {type: OB_STREAM_COLOR, format: OB_FORMAT_RGB888, width: 1280, height: 800, fps: 15}
[08/17 01:51:15.926987][info][40173][VideoSensor.cpp:386]  - {type: OB_STREAM_COLOR, format: OB_FORMAT_RGB888, width: 1280, height: 800, fps: 10}
[08/17 01:51:15.927029][info][40173][VideoSensor.cpp:386]  - {type: OB_STREAM_COLOR, format: OB_FORMAT_RGB888, width: 1280, height: 800, fps: 5}
[08/17 01:51:15.927073][info][40173][VideoSensor.cpp:386]  - {type: OB_STREAM_COLOR, format: OB_FORMAT_RGBA, width: 424, height: 240, fps: 60}
[08/17 01:51:15.927115][info][40173][VideoSensor.cpp:386]  - {type: OB_STREAM_COLOR, format: OB_FORMAT_RGBA, width: 424, height: 240, fps: 30}
[08/17 01:51:15.927158][info][40173][VideoSensor.cpp:386]  - {type: OB_STREAM_COLOR, format: OB_FORMAT_RGBA, width: 424, height: 240, fps: 15}
[08/17 01:51:15.927200][info][40173][VideoSensor.cpp:386]  - {type: OB_STREAM_COLOR, format: OB_FORMAT_RGBA, width: 424, height: 240, fps: 10}
[08/17 01:51:15.927243][info][40173][VideoSensor.cpp:386]  - {type: OB_STREAM_COLOR, format: OB_FORMAT_RGBA, width: 424, height: 240, fps: 5}
[08/17 01:51:15.927286][info][40173][VideoSensor.cpp:386]  - {type: OB_STREAM_COLOR, format: OB_FORMAT_RGBA, width: 480, height: 270, fps: 60}
[08/17 01:51:15.927329][info][40173][VideoSensor.cpp:386]  - {type: OB_STREAM_COLOR, format: OB_FORMAT_RGBA, width: 480, height: 270, fps: 30}
[08/17 01:51:15.927370][info][40173][VideoSensor.cpp:386]  - {type: OB_STREAM_COLOR, format: OB_FORMAT_RGBA, width: 480, height: 270, fps: 15}
[08/17 01:51:15.927413][info][40173][VideoSensor.cpp:386]  - {type: OB_STREAM_COLOR, format: OB_FORMAT_RGBA, width: 480, height: 270, fps: 10}
[08/17 01:51:15.927455][info][40173][VideoSensor.cpp:386]  - {type: OB_STREAM_COLOR, format: OB_FORMAT_RGBA, width: 480, height: 270, fps: 5}
[08/17 01:51:15.927496][info][40173][VideoSensor.cpp:386]  - {type: OB_STREAM_COLOR, format: OB_FORMAT_RGBA, width: 640, height: 360, fps: 60}
[08/17 01:51:15.927539][info][40173][VideoSensor.cpp:386]  - {type: OB_STREAM_COLOR, format: OB_FORMAT_RGBA, width: 640, height: 360, fps: 30}
[08/17 01:51:15.927581][info][40173][VideoSensor.cpp:386]  - {type: OB_STREAM_COLOR, format: OB_FORMAT_RGBA, width: 640, height: 360, fps: 15}
[08/17 01:51:15.927623][info][40173][VideoSensor.cpp:386]  - {type: OB_STREAM_COLOR, format: OB_FORMAT_RGBA, width: 640, height: 360, fps: 10}
[08/17 01:51:15.927665][info][40173][VideoSensor.cpp:386]  - {type: OB_STREAM_COLOR, format: OB_FORMAT_RGBA, width: 640, height: 360, fps: 5}
[08/17 01:51:15.927709][info][40173][VideoSensor.cpp:386]  - {type: OB_STREAM_COLOR, format: OB_FORMAT_RGBA, width: 640, height: 400, fps: 60}
[08/17 01:51:15.927750][info][40173][VideoSensor.cpp:386]  - {type: OB_STREAM_COLOR, format: OB_FORMAT_RGBA, width: 640, height: 400, fps: 30}
[08/17 01:51:15.927793][info][40173][VideoSensor.cpp:386]  - {type: OB_STREAM_COLOR, format: OB_FORMAT_RGBA, width: 640, height: 400, fps: 15}
[08/17 01:51:15.927835][info][40173][VideoSensor.cpp:386]  - {type: OB_STREAM_COLOR, format: OB_FORMAT_RGBA, width: 640, height: 400, fps: 10}
[08/17 01:51:15.927878][info][40173][VideoSensor.cpp:386]  - {type: OB_STREAM_COLOR, format: OB_FORMAT_RGBA, width: 640, height: 400, fps: 5}
[08/17 01:51:15.927920][info][40173][VideoSensor.cpp:386]  - {type: OB_STREAM_COLOR, format: OB_FORMAT_RGBA, width: 640, height: 480, fps: 60}
[08/17 01:51:15.927962][info][40173][VideoSensor.cpp:386]  - {type: OB_STREAM_COLOR, format: OB_FORMAT_RGBA, width: 640, height: 480, fps: 30}
[08/17 01:51:15.928025][info][40173][VideoSensor.cpp:386]  - {type: OB_STREAM_COLOR, format: OB_FORMAT_RGBA, width: 640, height: 480, fps: 15}
[08/17 01:51:15.928070][info][40173][VideoSensor.cpp:386]  - {type: OB_STREAM_COLOR, format: OB_FORMAT_RGBA, width: 640, height: 480, fps: 10}
[08/17 01:51:15.928112][info][40173][VideoSensor.cpp:386]  - {type: OB_STREAM_COLOR, format: OB_FORMAT_RGBA, width: 640, height: 480, fps: 5}
[08/17 01:51:15.928142][info][40173][VideoSensor.cpp:386]  - {type: OB_STREAM_COLOR, format: OB_FORMAT_RGBA, width: 848, height: 480, fps: 60}
[08/17 01:51:15.928185][info][40173][VideoSensor.cpp:386]  - {type: OB_STREAM_COLOR, format: OB_FORMAT_RGBA, width: 848, height: 480, fps: 30}
[08/17 01:51:15.928228][info][40173][VideoSensor.cpp:386]  - {type: OB_STREAM_COLOR, format: OB_FORMAT_RGBA, width: 848, height: 480, fps: 15}
[08/17 01:51:15.928269][info][40173][VideoSensor.cpp:386]  - {type: OB_STREAM_COLOR, format: OB_FORMAT_RGBA, width: 848, height: 480, fps: 10}
[08/17 01:51:15.928312][info][40173][VideoSensor.cpp:386]  - {type: OB_STREAM_COLOR, format: OB_FORMAT_RGBA, width: 848, height: 480, fps: 5}
[08/17 01:51:15.928354][info][40173][VideoSensor.cpp:386]  - {type: OB_STREAM_COLOR, format: OB_FORMAT_RGBA, width: 1280, height: 720, fps: 60}
[08/17 01:51:15.928396][info][40173][VideoSensor.cpp:386]  - {type: OB_STREAM_COLOR, format: OB_FORMAT_RGBA, width: 1280, height: 720, fps: 30}
[08/17 01:51:15.928439][info][40173][VideoSensor.cpp:386]  - {type: OB_STREAM_COLOR, format: OB_FORMAT_RGBA, width: 1280, height: 720, fps: 15}
[08/17 01:51:15.928482][info][40173][VideoSensor.cpp:386]  - {type: OB_STREAM_COLOR, format: OB_FORMAT_RGBA, width: 1280, height: 720, fps: 10}
[08/17 01:51:15.928512][info][40173][VideoSensor.cpp:386]  - {type: OB_STREAM_COLOR, format: OB_FORMAT_RGBA, width: 1280, height: 720, fps: 5}
[08/17 01:51:15.928555][info][40173][VideoSensor.cpp:386]  - {type: OB_STREAM_COLOR, format: OB_FORMAT_RGBA, width: 1280, height: 800, fps: 60}
[08/17 01:51:15.928598][info][40173][VideoSensor.cpp:386]  - {type: OB_STREAM_COLOR, format: OB_FORMAT_RGBA, width: 1280, height: 800, fps: 30}
[08/17 01:51:15.928641][info][40173][VideoSensor.cpp:386]  - {type: OB_STREAM_COLOR, format: OB_FORMAT_RGBA, width: 1280, height: 800, fps: 15}
[08/17 01:51:15.928683][info][40173][VideoSensor.cpp:386]  - {type: OB_STREAM_COLOR, format: OB_FORMAT_RGBA, width: 1280, height: 800, fps: 10}
[08/17 01:51:15.928726][info][40173][VideoSensor.cpp:386]  - {type: OB_STREAM_COLOR, format: OB_FORMAT_RGBA, width: 1280, height: 800, fps: 5}
[08/17 01:51:15.928769][info][40173][VideoSensor.cpp:386]  - {type: OB_STREAM_COLOR, format: OB_FORMAT_BGR, width: 424, height: 240, fps: 60}
[08/17 01:51:15.928811][info][40173][VideoSensor.cpp:386]  - {type: OB_STREAM_COLOR, format: OB_FORMAT_BGR, width: 424, height: 240, fps: 30}
[08/17 01:51:15.928853][info][40173][VideoSensor.cpp:386]  - {type: OB_STREAM_COLOR, format: OB_FORMAT_BGR, width: 424, height: 240, fps: 15}
[08/17 01:51:15.928896][info][40173][VideoSensor.cpp:386]  - {type: OB_STREAM_COLOR, format: OB_FORMAT_BGR, width: 424, height: 240, fps: 10}
[08/17 01:51:15.928938][info][40173][VideoSensor.cpp:386]  - {type: OB_STREAM_COLOR, format: OB_FORMAT_BGR, width: 424, height: 240, fps: 5}
[08/17 01:51:15.928982][info][40173][VideoSensor.cpp:386]  - {type: OB_STREAM_COLOR, format: OB_FORMAT_BGR, width: 480, height: 270, fps: 60}
[08/17 01:51:15.929025][info][40173][VideoSensor.cpp:386]  - {type: OB_STREAM_COLOR, format: OB_FORMAT_BGR, width: 480, height: 270, fps: 30}
[08/17 01:51:15.929067][info][40173][VideoSensor.cpp:386]  - {type: OB_STREAM_COLOR, format: OB_FORMAT_BGR, width: 480, height: 270, fps: 15}
[08/17 01:51:15.929110][info][40173][VideoSensor.cpp:386]  - {type: OB_STREAM_COLOR, format: OB_FORMAT_BGR, width: 480, height: 270, fps: 10}
[08/17 01:51:15.929152][info][40173][VideoSensor.cpp:386]  - {type: OB_STREAM_COLOR, format: OB_FORMAT_BGR, width: 480, height: 270, fps: 5}
[08/17 01:51:15.929214][info][40173][VideoSensor.cpp:386]  - {type: OB_STREAM_COLOR, format: OB_FORMAT_BGR, width: 640, height: 360, fps: 60}
[08/17 01:51:15.929258][info][40173][VideoSensor.cpp:386]  - {type: OB_STREAM_COLOR, format: OB_FORMAT_BGR, width: 640, height: 360, fps: 30}
[08/17 01:51:15.929300][info][40173][VideoSensor.cpp:386]  - {type: OB_STREAM_COLOR, format: OB_FORMAT_BGR, width: 640, height: 360, fps: 15}
[08/17 01:51:15.929341][info][40173][VideoSensor.cpp:386]  - {type: OB_STREAM_COLOR, format: OB_FORMAT_BGR, width: 640, height: 360, fps: 10}
[08/17 01:51:15.929383][info][40173][VideoSensor.cpp:386]  - {type: OB_STREAM_COLOR, format: OB_FORMAT_BGR, width: 640, height: 360, fps: 5}
[08/17 01:51:15.929425][info][40173][VideoSensor.cpp:386]  - {type: OB_STREAM_COLOR, format: OB_FORMAT_BGR, width: 640, height: 400, fps: 60}
[08/17 01:51:15.929467][info][40173][VideoSensor.cpp:386]  - {type: OB_STREAM_COLOR, format: OB_FORMAT_BGR, width: 640, height: 400, fps: 30}
[08/17 01:51:15.929511][info][40173][VideoSensor.cpp:386]  - {type: OB_STREAM_COLOR, format: OB_FORMAT_BGR, width: 640, height: 400, fps: 15}
[08/17 01:51:15.929553][info][40173][VideoSensor.cpp:386]  - {type: OB_STREAM_COLOR, format: OB_FORMAT_BGR, width: 640, height: 400, fps: 10}
[08/17 01:51:15.929595][info][40173][VideoSensor.cpp:386]  - {type: OB_STREAM_COLOR, format: OB_FORMAT_BGR, width: 640, height: 400, fps: 5}
[08/17 01:51:15.929637][info][40173][VideoSensor.cpp:386]  - {type: OB_STREAM_COLOR, format: OB_FORMAT_BGR, width: 640, height: 480, fps: 60}
[08/17 01:51:15.929679][info][40173][VideoSensor.cpp:386]  - {type: OB_STREAM_COLOR, format: OB_FORMAT_BGR, width: 640, height: 480, fps: 30}
[08/17 01:51:15.929721][info][40173][VideoSensor.cpp:386]  - {type: OB_STREAM_COLOR, format: OB_FORMAT_BGR, width: 640, height: 480, fps: 15}
[08/17 01:51:15.929764][info][40173][VideoSensor.cpp:386]  - {type: OB_STREAM_COLOR, format: OB_FORMAT_BGR, width: 640, height: 480, fps: 10}
[08/17 01:51:15.929985][info][40173][VideoSensor.cpp:386]  - {type: OB_STREAM_COLOR, format: OB_FORMAT_BGR, width: 640, height: 480, fps: 5}
[08/17 01:51:15.930031][info][40173][VideoSensor.cpp:386]  - {type: OB_STREAM_COLOR, format: OB_FORMAT_BGR, width: 848, height: 480, fps: 60}
[08/17 01:51:15.930075][info][40173][VideoSensor.cpp:386]  - {type: OB_STREAM_COLOR, format: OB_FORMAT_BGR, width: 848, height: 480, fps: 30}
[08/17 01:51:15.930118][info][40173][VideoSensor.cpp:386]  - {type: OB_STREAM_COLOR, format: OB_FORMAT_BGR, width: 848, height: 480, fps: 15}
[08/17 01:51:15.930160][info][40173][VideoSensor.cpp:386]  - {type: OB_STREAM_COLOR, format: OB_FORMAT_BGR, width: 848, height: 480, fps: 10}
[08/17 01:51:15.930194][info][40173][VideoSensor.cpp:386]  - {type: OB_STREAM_COLOR, format: OB_FORMAT_BGR, width: 848, height: 480, fps: 5}
[08/17 01:51:15.930228][info][40173][VideoSensor.cpp:386]  - {type: OB_STREAM_COLOR, format: OB_FORMAT_BGR, width: 1280, height: 720, fps: 60}
[08/17 01:51:15.930269][info][40173][VideoSensor.cpp:386]  - {type: OB_STREAM_COLOR, format: OB_FORMAT_BGR, width: 1280, height: 720, fps: 30}
[08/17 01:51:15.930314][info][40173][VideoSensor.cpp:386]  - {type: OB_STREAM_COLOR, format: OB_FORMAT_BGR, width: 1280, height: 720, fps: 15}
[08/17 01:51:15.930355][info][40173][VideoSensor.cpp:386]  - {type: OB_STREAM_COLOR, format: OB_FORMAT_BGR, width: 1280, height: 720, fps: 10}
[08/17 01:51:15.930385][info][40173][VideoSensor.cpp:386]  - {type: OB_STREAM_COLOR, format: OB_FORMAT_BGR, width: 1280, height: 720, fps: 5}
[08/17 01:51:15.930416][info][40173][VideoSensor.cpp:386]  - {type: OB_STREAM_COLOR, format: OB_FORMAT_BGR, width: 1280, height: 800, fps: 60}
[08/17 01:51:15.930446][info][40173][VideoSensor.cpp:386]  - {type: OB_STREAM_COLOR, format: OB_FORMAT_BGR, width: 1280, height: 800, fps: 30}
[08/17 01:51:15.930476][info][40173][VideoSensor.cpp:386]  - {type: OB_STREAM_COLOR, format: OB_FORMAT_BGR, width: 1280, height: 800, fps: 15}
[08/17 01:51:15.930506][info][40173][VideoSensor.cpp:386]  - {type: OB_STREAM_COLOR, format: OB_FORMAT_BGR, width: 1280, height: 800, fps: 10}
[08/17 01:51:15.930560][info][40173][VideoSensor.cpp:386]  - {type: OB_STREAM_COLOR, format: OB_FORMAT_BGR, width: 1280, height: 800, fps: 5}
[08/17 01:51:15.930604][info][40173][VideoSensor.cpp:386]  - {type: OB_STREAM_COLOR, format: OB_FORMAT_BGRA, width: 424, height: 240, fps: 60}
[08/17 01:51:15.930635][info][40173][VideoSensor.cpp:386]  - {type: OB_STREAM_COLOR, format: OB_FORMAT_BGRA, width: 424, height: 240, fps: 30}
[08/17 01:51:15.930664][info][40173][VideoSensor.cpp:386]  - {type: OB_STREAM_COLOR, format: OB_FORMAT_BGRA, width: 424, height: 240, fps: 15}
[08/17 01:51:15.930695][info][40173][VideoSensor.cpp:386]  - {type: OB_STREAM_COLOR, format: OB_FORMAT_BGRA, width: 424, height: 240, fps: 10}
[08/17 01:51:15.930725][info][40173][VideoSensor.cpp:386]  - {type: OB_STREAM_COLOR, format: OB_FORMAT_BGRA, width: 424, height: 240, fps: 5}
[08/17 01:51:15.930755][info][40173][VideoSensor.cpp:386]  - {type: OB_STREAM_COLOR, format: OB_FORMAT_BGRA, width: 480, height: 270, fps: 60}
[08/17 01:51:15.930797][info][40173][VideoSensor.cpp:386]  - {type: OB_STREAM_COLOR, format: OB_FORMAT_BGRA, width: 480, height: 270, fps: 30}
[08/17 01:51:15.930843][info][40173][VideoSensor.cpp:386]  - {type: OB_STREAM_COLOR, format: OB_FORMAT_BGRA, width: 480, height: 270, fps: 15}
[08/17 01:51:15.930886][info][40173][VideoSensor.cpp:386]  - {type: OB_STREAM_COLOR, format: OB_FORMAT_BGRA, width: 480, height: 270, fps: 10}
[08/17 01:51:15.930928][info][40173][VideoSensor.cpp:386]  - {type: OB_STREAM_COLOR, format: OB_FORMAT_BGRA, width: 480, height: 270, fps: 5}
[08/17 01:51:15.930970][info][40173][VideoSensor.cpp:386]  - {type: OB_STREAM_COLOR, format: OB_FORMAT_BGRA, width: 640, height: 360, fps: 60}
[08/17 01:51:15.931013][info][40173][VideoSensor.cpp:386]  - {type: OB_STREAM_COLOR, format: OB_FORMAT_BGRA, width: 640, height: 360, fps: 30}
[08/17 01:51:15.931055][info][40173][VideoSensor.cpp:386]  - {type: OB_STREAM_COLOR, format: OB_FORMAT_BGRA, width: 640, height: 360, fps: 15}
[08/17 01:51:15.931096][info][40173][VideoSensor.cpp:386]  - {type: OB_STREAM_COLOR, format: OB_FORMAT_BGRA, width: 640, height: 360, fps: 10}
[08/17 01:51:15.931138][info][40173][VideoSensor.cpp:386]  - {type: OB_STREAM_COLOR, format: OB_FORMAT_BGRA, width: 640, height: 360, fps: 5}
[08/17 01:51:15.931181][info][40173][VideoSensor.cpp:386]  - {type: OB_STREAM_COLOR, format: OB_FORMAT_BGRA, width: 640, height: 400, fps: 60}
[08/17 01:51:15.931223][info][40173][VideoSensor.cpp:386]  - {type: OB_STREAM_COLOR, format: OB_FORMAT_BGRA, width: 640, height: 400, fps: 30}
[08/17 01:51:15.931266][info][40173][VideoSensor.cpp:386]  - {type: OB_STREAM_COLOR, format: OB_FORMAT_BGRA, width: 640, height: 400, fps: 15}
[08/17 01:51:15.931307][info][40173][VideoSensor.cpp:386]  - {type: OB_STREAM_COLOR, format: OB_FORMAT_BGRA, width: 640, height: 400, fps: 10}
[08/17 01:51:15.931350][info][40173][VideoSensor.cpp:386]  - {type: OB_STREAM_COLOR, format: OB_FORMAT_BGRA, width: 640, height: 400, fps: 5}
[08/17 01:51:15.931392][info][40173][VideoSensor.cpp:386]  - {type: OB_STREAM_COLOR, format: OB_FORMAT_BGRA, width: 640, height: 480, fps: 60}
[08/17 01:51:15.931434][info][40173][VideoSensor.cpp:386]  - {type: OB_STREAM_COLOR, format: OB_FORMAT_BGRA, width: 640, height: 480, fps: 30}
[08/17 01:51:15.931476][info][40173][VideoSensor.cpp:386]  - {type: OB_STREAM_COLOR, format: OB_FORMAT_BGRA, width: 640, height: 480, fps: 15}
[08/17 01:51:15.931518][info][40173][VideoSensor.cpp:386]  - {type: OB_STREAM_COLOR, format: OB_FORMAT_BGRA, width: 640, height: 480, fps: 10}
[08/17 01:51:15.931560][info][40173][VideoSensor.cpp:386]  - {type: OB_STREAM_COLOR, format: OB_FORMAT_BGRA, width: 640, height: 480, fps: 5}
[08/17 01:51:15.931603][info][40173][VideoSensor.cpp:386]  - {type: OB_STREAM_COLOR, format: OB_FORMAT_BGRA, width: 848, height: 480, fps: 60}
[08/17 01:51:15.931646][info][40173][VideoSensor.cpp:386]  - {type: OB_STREAM_COLOR, format: OB_FORMAT_BGRA, width: 848, height: 480, fps: 30}
[08/17 01:51:15.931688][info][40173][VideoSensor.cpp:386]  - {type: OB_STREAM_COLOR, format: OB_FORMAT_BGRA, width: 848, height: 480, fps: 15}
[08/17 01:51:15.931749][info][40173][VideoSensor.cpp:386]  - {type: OB_STREAM_COLOR, format: OB_FORMAT_BGRA, width: 848, height: 480, fps: 10}
[08/17 01:51:15.931793][info][40173][VideoSensor.cpp:386]  - {type: OB_STREAM_COLOR, format: OB_FORMAT_BGRA, width: 848, height: 480, fps: 5}
[08/17 01:51:15.931835][info][40173][VideoSensor.cpp:386]  - {type: OB_STREAM_COLOR, format: OB_FORMAT_BGRA, width: 1280, height: 720, fps: 60}
[08/17 01:51:15.931877][info][40173][VideoSensor.cpp:386]  - {type: OB_STREAM_COLOR, format: OB_FORMAT_BGRA, width: 1280, height: 720, fps: 30}
[08/17 01:51:15.931920][info][40173][VideoSensor.cpp:386]  - {type: OB_STREAM_COLOR, format: OB_FORMAT_BGRA, width: 1280, height: 720, fps: 15}
[08/17 01:51:15.931962][info][40173][VideoSensor.cpp:386]  - {type: OB_STREAM_COLOR, format: OB_FORMAT_BGRA, width: 1280, height: 720, fps: 10}
[08/17 01:51:15.932004][info][40173][VideoSensor.cpp:386]  - {type: OB_STREAM_COLOR, format: OB_FORMAT_BGRA, width: 1280, height: 720, fps: 5}
[08/17 01:51:15.932046][info][40173][VideoSensor.cpp:386]  - {type: OB_STREAM_COLOR, format: OB_FORMAT_BGRA, width: 1280, height: 800, fps: 60}
[08/17 01:51:15.932088][info][40173][VideoSensor.cpp:386]  - {type: OB_STREAM_COLOR, format: OB_FORMAT_BGRA, width: 1280, height: 800, fps: 30}
[08/17 01:51:15.932131][info][40173][VideoSensor.cpp:386]  - {type: OB_STREAM_COLOR, format: OB_FORMAT_BGRA, width: 1280, height: 800, fps: 15}
[08/17 01:51:15.932173][info][40173][VideoSensor.cpp:386]  - {type: OB_STREAM_COLOR, format: OB_FORMAT_BGRA, width: 1280, height: 800, fps: 10}
[08/17 01:51:15.932216][info][40173][VideoSensor.cpp:386]  - {type: OB_STREAM_COLOR, format: OB_FORMAT_BGRA, width: 1280, height: 800, fps: 5}
[08/17 01:51:15.932258][info][40173][VideoSensor.cpp:386]  - {type: OB_STREAM_COLOR, format: OB_FORMAT_Y16, width: 424, height: 240, fps: 60}
[08/17 01:51:15.932300][info][40173][VideoSensor.cpp:386]  - {type: OB_STREAM_COLOR, format: OB_FORMAT_Y16, width: 424, height: 240, fps: 30}
[08/17 01:51:15.932343][info][40173][VideoSensor.cpp:386]  - {type: OB_STREAM_COLOR, format: OB_FORMAT_Y16, width: 424, height: 240, fps: 15}
[08/17 01:51:15.932385][info][40173][VideoSensor.cpp:386]  - {type: OB_STREAM_COLOR, format: OB_FORMAT_Y16, width: 424, height: 240, fps: 10}
[08/17 01:51:15.932428][info][40173][VideoSensor.cpp:386]  - {type: OB_STREAM_COLOR, format: OB_FORMAT_Y16, width: 424, height: 240, fps: 5}
[08/17 01:51:15.932470][info][40173][VideoSensor.cpp:386]  - {type: OB_STREAM_COLOR, format: OB_FORMAT_Y16, width: 480, height: 270, fps: 60}
[08/17 01:51:15.932511][info][40173][VideoSensor.cpp:386]  - {type: OB_STREAM_COLOR, format: OB_FORMAT_Y16, width: 480, height: 270, fps: 30}
[08/17 01:51:15.932553][info][40173][VideoSensor.cpp:386]  - {type: OB_STREAM_COLOR, format: OB_FORMAT_Y16, width: 480, height: 270, fps: 15}
[08/17 01:51:15.932595][info][40173][VideoSensor.cpp:386]  - {type: OB_STREAM_COLOR, format: OB_FORMAT_Y16, width: 480, height: 270, fps: 10}
[08/17 01:51:15.932637][info][40173][VideoSensor.cpp:386]  - {type: OB_STREAM_COLOR, format: OB_FORMAT_Y16, width: 480, height: 270, fps: 5}
[08/17 01:51:15.932678][info][40173][VideoSensor.cpp:386]  - {type: OB_STREAM_COLOR, format: OB_FORMAT_Y16, width: 640, height: 360, fps: 60}
[08/17 01:51:15.932721][info][40173][VideoSensor.cpp:386]  - {type: OB_STREAM_COLOR, format: OB_FORMAT_Y16, width: 640, height: 360, fps: 30}
[08/17 01:51:15.932762][info][40173][VideoSensor.cpp:386]  - {type: OB_STREAM_COLOR, format: OB_FORMAT_Y16, width: 640, height: 360, fps: 15}
[08/17 01:51:15.932805][info][40173][VideoSensor.cpp:386]  - {type: OB_STREAM_COLOR, format: OB_FORMAT_Y16, width: 640, height: 360, fps: 10}
[08/17 01:51:15.932847][info][40173][VideoSensor.cpp:386]  - {type: OB_STREAM_COLOR, format: OB_FORMAT_Y16, width: 640, height: 360, fps: 5}
[08/17 01:51:15.932889][info][40173][VideoSensor.cpp:386]  - {type: OB_STREAM_COLOR, format: OB_FORMAT_Y16, width: 640, height: 400, fps: 60}
[08/17 01:51:15.932931][info][40173][VideoSensor.cpp:386]  - {type: OB_STREAM_COLOR, format: OB_FORMAT_Y16, width: 640, height: 400, fps: 30}
[08/17 01:51:15.932991][info][40173][VideoSensor.cpp:386]  - {type: OB_STREAM_COLOR, format: OB_FORMAT_Y16, width: 640, height: 400, fps: 15}
[08/17 01:51:15.933034][info][40173][VideoSensor.cpp:386]  - {type: OB_STREAM_COLOR, format: OB_FORMAT_Y16, width: 640, height: 400, fps: 10}
[08/17 01:51:15.933076][info][40173][VideoSensor.cpp:386]  - {type: OB_STREAM_COLOR, format: OB_FORMAT_Y16, width: 640, height: 400, fps: 5}
[08/17 01:51:15.933144][info][40173][VideoSensor.cpp:386]  - {type: OB_STREAM_COLOR, format: OB_FORMAT_Y16, width: 640, height: 480, fps: 60}
[08/17 01:51:15.933192][info][40173][VideoSensor.cpp:386]  - {type: OB_STREAM_COLOR, format: OB_FORMAT_Y16, width: 640, height: 480, fps: 30}
[08/17 01:51:15.933235][info][40173][VideoSensor.cpp:386]  - {type: OB_STREAM_COLOR, format: OB_FORMAT_Y16, width: 640, height: 480, fps: 15}
[08/17 01:51:15.933278][info][40173][VideoSensor.cpp:386]  - {type: OB_STREAM_COLOR, format: OB_FORMAT_Y16, width: 640, height: 480, fps: 10}
[08/17 01:51:15.933320][info][40173][VideoSensor.cpp:386]  - {type: OB_STREAM_COLOR, format: OB_FORMAT_Y16, width: 640, height: 480, fps: 5}
[08/17 01:51:15.933362][info][40173][VideoSensor.cpp:386]  - {type: OB_STREAM_COLOR, format: OB_FORMAT_Y16, width: 848, height: 480, fps: 60}
[08/17 01:51:15.933406][info][40173][VideoSensor.cpp:386]  - {type: OB_STREAM_COLOR, format: OB_FORMAT_Y16, width: 848, height: 480, fps: 30}
[08/17 01:51:15.933447][info][40173][VideoSensor.cpp:386]  - {type: OB_STREAM_COLOR, format: OB_FORMAT_Y16, width: 848, height: 480, fps: 15}
[08/17 01:51:15.933491][info][40173][VideoSensor.cpp:386]  - {type: OB_STREAM_COLOR, format: OB_FORMAT_Y16, width: 848, height: 480, fps: 10}
[08/17 01:51:15.933534][info][40173][VideoSensor.cpp:386]  - {type: OB_STREAM_COLOR, format: OB_FORMAT_Y16, width: 848, height: 480, fps: 5}
[08/17 01:51:15.933576][info][40173][VideoSensor.cpp:386]  - {type: OB_STREAM_COLOR, format: OB_FORMAT_Y16, width: 1280, height: 720, fps: 60}
[08/17 01:51:15.933618][info][40173][VideoSensor.cpp:386]  - {type: OB_STREAM_COLOR, format: OB_FORMAT_Y16, width: 1280, height: 720, fps: 30}
[08/17 01:51:15.933661][info][40173][VideoSensor.cpp:386]  - {type: OB_STREAM_COLOR, format: OB_FORMAT_Y16, width: 1280, height: 720, fps: 15}
[08/17 01:51:15.933704][info][40173][VideoSensor.cpp:386]  - {type: OB_STREAM_COLOR, format: OB_FORMAT_Y16, width: 1280, height: 720, fps: 10}
[08/17 01:51:15.933747][info][40173][VideoSensor.cpp:386]  - {type: OB_STREAM_COLOR, format: OB_FORMAT_Y16, width: 1280, height: 720, fps: 5}
[08/17 01:51:15.933790][info][40173][VideoSensor.cpp:386]  - {type: OB_STREAM_COLOR, format: OB_FORMAT_Y16, width: 1280, height: 800, fps: 60}
[08/17 01:51:15.933832][info][40173][VideoSensor.cpp:386]  - {type: OB_STREAM_COLOR, format: OB_FORMAT_Y16, width: 1280, height: 800, fps: 30}
[08/17 01:51:15.933863][info][40173][VideoSensor.cpp:386]  - {type: OB_STREAM_COLOR, format: OB_FORMAT_Y16, width: 1280, height: 800, fps: 15}
[08/17 01:51:15.933905][info][40173][VideoSensor.cpp:386]  - {type: OB_STREAM_COLOR, format: OB_FORMAT_Y16, width: 1280, height: 800, fps: 10}
[08/17 01:51:15.933947][info][40173][VideoSensor.cpp:386]  - {type: OB_STREAM_COLOR, format: OB_FORMAT_Y16, width: 1280, height: 800, fps: 5}
[08/17 01:51:15.933989][info][40173][VideoSensor.cpp:386]  - {type: OB_STREAM_COLOR, format: OB_FORMAT_Y8, width: 424, height: 240, fps: 60}
[08/17 01:51:15.934031][info][40173][VideoSensor.cpp:386]  - {type: OB_STREAM_COLOR, format: OB_FORMAT_Y8, width: 424, height: 240, fps: 30}
[08/17 01:51:15.934074][info][40173][VideoSensor.cpp:386]  - {type: OB_STREAM_COLOR, format: OB_FORMAT_Y8, width: 424, height: 240, fps: 15}
[08/17 01:51:15.934116][info][40173][VideoSensor.cpp:386]  - {type: OB_STREAM_COLOR, format: OB_FORMAT_Y8, width: 424, height: 240, fps: 10}
[08/17 01:51:15.934158][info][40173][VideoSensor.cpp:386]  - {type: OB_STREAM_COLOR, format: OB_FORMAT_Y8, width: 424, height: 240, fps: 5}
[08/17 01:51:15.934219][info][40173][VideoSensor.cpp:386]  - {type: OB_STREAM_COLOR, format: OB_FORMAT_Y8, width: 480, height: 270, fps: 60}
[08/17 01:51:15.934262][info][40173][VideoSensor.cpp:386]  - {type: OB_STREAM_COLOR, format: OB_FORMAT_Y8, width: 480, height: 270, fps: 30}
[08/17 01:51:15.934305][info][40173][VideoSensor.cpp:386]  - {type: OB_STREAM_COLOR, format: OB_FORMAT_Y8, width: 480, height: 270, fps: 15}
[08/17 01:51:15.941985][info][40173][VideoSensor.cpp:386]  - {type: OB_STREAM_COLOR, format: OB_FORMAT_Y8, width: 480, height: 270, fps: 10}
[08/17 01:51:15.942067][info][40173][VideoSensor.cpp:386]  - {type: OB_STREAM_COLOR, format: OB_FORMAT_Y8, width: 480, height: 270, fps: 5}
[08/17 01:51:15.942117][info][40173][VideoSensor.cpp:386]  - {type: OB_STREAM_COLOR, format: OB_FORMAT_Y8, width: 640, height: 360, fps: 60}
[08/17 01:51:15.942161][info][40173][VideoSensor.cpp:386]  - {type: OB_STREAM_COLOR, format: OB_FORMAT_Y8, width: 640, height: 360, fps: 30}
[08/17 01:51:15.942204][info][40173][VideoSensor.cpp:386]  - {type: OB_STREAM_COLOR, format: OB_FORMAT_Y8, width: 640, height: 360, fps: 15}
[08/17 01:51:15.942247][info][40173][VideoSensor.cpp:386]  - {type: OB_STREAM_COLOR, format: OB_FORMAT_Y8, width: 640, height: 360, fps: 10}
[08/17 01:51:15.942289][info][40173][VideoSensor.cpp:386]  - {type: OB_STREAM_COLOR, format: OB_FORMAT_Y8, width: 640, height: 360, fps: 5}
[08/17 01:51:15.942332][info][40173][VideoSensor.cpp:386]  - {type: OB_STREAM_COLOR, format: OB_FORMAT_Y8, width: 640, height: 400, fps: 60}
[08/17 01:51:15.942374][info][40173][VideoSensor.cpp:386]  - {type: OB_STREAM_COLOR, format: OB_FORMAT_Y8, width: 640, height: 400, fps: 30}
[08/17 01:51:15.942416][info][40173][VideoSensor.cpp:386]  - {type: OB_STREAM_COLOR, format: OB_FORMAT_Y8, width: 640, height: 400, fps: 15}
[08/17 01:51:15.942459][info][40173][VideoSensor.cpp:386]  - {type: OB_STREAM_COLOR, format: OB_FORMAT_Y8, width: 640, height: 400, fps: 10}
[08/17 01:51:15.942501][info][40173][VideoSensor.cpp:386]  - {type: OB_STREAM_COLOR, format: OB_FORMAT_Y8, width: 640, height: 400, fps: 5}
[08/17 01:51:15.942544][info][40173][VideoSensor.cpp:386]  - {type: OB_STREAM_COLOR, format: OB_FORMAT_Y8, width: 640, height: 480, fps: 60}
[08/17 01:51:15.942586][info][40173][VideoSensor.cpp:386]  - {type: OB_STREAM_COLOR, format: OB_FORMAT_Y8, width: 640, height: 480, fps: 30}
[08/17 01:51:15.942628][info][40173][VideoSensor.cpp:386]  - {type: OB_STREAM_COLOR, format: OB_FORMAT_Y8, width: 640, height: 480, fps: 15}
[08/17 01:51:15.942671][info][40173][VideoSensor.cpp:386]  - {type: OB_STREAM_COLOR, format: OB_FORMAT_Y8, width: 640, height: 480, fps: 10}
[08/17 01:51:15.942713][info][40173][VideoSensor.cpp:386]  - {type: OB_STREAM_COLOR, format: OB_FORMAT_Y8, width: 640, height: 480, fps: 5}
[08/17 01:51:15.942756][info][40173][VideoSensor.cpp:386]  - {type: OB_STREAM_COLOR, format: OB_FORMAT_Y8, width: 848, height: 480, fps: 60}
[08/17 01:51:15.942798][info][40173][VideoSensor.cpp:386]  - {type: OB_STREAM_COLOR, format: OB_FORMAT_Y8, width: 848, height: 480, fps: 30}
[08/17 01:51:15.942840][info][40173][VideoSensor.cpp:386]  - {type: OB_STREAM_COLOR, format: OB_FORMAT_Y8, width: 848, height: 480, fps: 15}
[08/17 01:51:15.942883][info][40173][VideoSensor.cpp:386]  - {type: OB_STREAM_COLOR, format: OB_FORMAT_Y8, width: 848, height: 480, fps: 10}
[08/17 01:51:15.942925][info][40173][VideoSensor.cpp:386]  - {type: OB_STREAM_COLOR, format: OB_FORMAT_Y8, width: 848, height: 480, fps: 5}
[08/17 01:51:15.942968][info][40173][VideoSensor.cpp:386]  - {type: OB_STREAM_COLOR, format: OB_FORMAT_Y8, width: 1280, height: 720, fps: 60}
[08/17 01:51:15.943011][info][40173][VideoSensor.cpp:386]  - {type: OB_STREAM_COLOR, format: OB_FORMAT_Y8, width: 1280, height: 720, fps: 30}
[08/17 01:51:15.943053][info][40173][VideoSensor.cpp:386]  - {type: OB_STREAM_COLOR, format: OB_FORMAT_Y8, width: 1280, height: 720, fps: 15}
[08/17 01:51:15.943095][info][40173][VideoSensor.cpp:386]  - {type: OB_STREAM_COLOR, format: OB_FORMAT_Y8, width: 1280, height: 720, fps: 10}
[08/17 01:51:15.943196][info][40173][VideoSensor.cpp:386]  - {type: OB_STREAM_COLOR, format: OB_FORMAT_Y8, width: 1280, height: 720, fps: 5}
[08/17 01:51:15.943286][info][40173][VideoSensor.cpp:386]  - {type: OB_STREAM_COLOR, format: OB_FORMAT_Y8, width: 1280, height: 800, fps: 60}
[08/17 01:51:15.943331][info][40173][VideoSensor.cpp:386]  - {type: OB_STREAM_COLOR, format: OB_FORMAT_Y8, width: 1280, height: 800, fps: 30}
[08/17 01:51:15.943375][info][40173][VideoSensor.cpp:386]  - {type: OB_STREAM_COLOR, format: OB_FORMAT_Y8, width: 1280, height: 800, fps: 15}
[08/17 01:51:15.943418][info][40173][VideoSensor.cpp:386]  - {type: OB_STREAM_COLOR, format: OB_FORMAT_Y8, width: 1280, height: 800, fps: 10}
[08/17 01:51:15.943460][info][40173][VideoSensor.cpp:386]  - {type: OB_STREAM_COLOR, format: OB_FORMAT_Y8, width: 1280, height: 800, fps: 5}
